run,train_lines,epochs,bsz,total_time_sec,epoch_time_sec,eval_loss,tokens_per_sec
original_1k,1000,1,16,40.78,40.68,2.1765377521514893,1318.4
original_5k,5000,1,16,197.83,197.75,0.5147324204444885,1346.6
original_10k,10000,1,16,366.08,366.01,1.2534003257751465,1442.9
filtered_1k,1000,1,16,42.63,42.54,1.1507933139801025,1264.3
filtered_5k,5000,1,16,184.35,184.26,0.6769156455993652,1450.4
filtered_10k,10000,1,16,396.52,396.44,2.2102887630462646,1349.1
